fk_id_cliente,fk_id_sucursal,fecha,cantidad_productos,metodo_pago,total,descuento,descuento_monto
2,1,2025-11-24,7,Transferencia,428500.00,0.00,0.00
2,3,2025-10-07,1,Tarjeta,120000.00,15.00,18000.00
1,3,2025-11-05,9,Efectivo,418500.00,5.00,20925.00
2,1,2025-06-22,2,Tarjeta,196000.00,0.00,0.00
8,3,2025-01-23,9,Efectivo,356000.00,15.00,53400.00
5,1,2025-04-27,2,Efectivo,130000.00,0.00,0.00
3,2,2025-07-06,6,Tarjeta,420000.00,15.00,63000.00
9,3,2025-03-29,5,Efectivo,445000.00,0.00,0.00
6,1,2025-04-23,2,Efectivo,196000.00,5.00,9800.00
6,1,2025-10-18,7,Transferencia,328500.00,0.00,0.00
10,2,2025-05-15,5,Transferencia,311500.00,5.00,15575.00
7,3,2025-12-15,9,Efectivo,661000.00,0.00,0.00
9,2,2025-12-16,4,Transferencia,119500.00,0.00,0.00
9,1,2025-05-15,3,Transferencia,126000.00,0.00,0.00
3,2,2025-04-12,7,Efectivo,425000.00,15.00,63750.00
2,3,2025-02-10,1,Tarjeta,18000.00,0.00,0.00
3,2,2025-10-09,12,Transferencia,537500.00,0.00,0.00
2,1,2025-08-20,1,Efectivo,98000.00,0.00,0.00
10,1,2025-04-28,1,Efectivo,120000.00,5.00,6000.00
2,3,2025-06-19,7,Efectivo,261500.00,0.00,0.00
8,2,2025-05-05,3,Efectivo,25500.00,0.00,0.00
7,2,2025-08-05,1,Transferencia,8500.00,0.00,0.00
2,1,2025-06-23,3,Efectivo,228500.00,5.00,11425.00
8,3,2025-02-08,1,Efectivo,120000.00,0.00,0.00
3,2,2025-05-02,6,Tarjeta,555000.00,10.00,55500.00
7,3,2025-05-27,11,Transferencia,482500.00,0.00,0.00
1,3,2025-01-30,9,Tarjeta,623500.00,0.00,0.00
4,3,2025-10-19,2,Transferencia,17000.00,0.00,0.00
9,2,2025-10-17,4,Tarjeta,213000.00,15.00,31950.00
8,2,2025-06-03,3,Efectivo,330000.00,0.00,0.00
2,3,2025-02-21,10,Efectivo,554000.00,0.00,0.00
9,1,2025-11-10,9,Transferencia,543500.00,15.00,81525.00
6,1,2025-04-18,6,Transferencia,404000.00,0.00,0.00
1,2,2025-01-23,8,Efectivo,498000.00,0.00,0.00
2,3,2025-02-27,8,Efectivo,424000.00,0.00,0.00
6,1,2025-01-21,5,Transferencia,61500.00,0.00,0.00
4,1,2025-03-21,9,Efectivo,577500.00,15.00,86625.00
7,1,2025-02-25,4,Tarjeta,280000.00,5.00,14000.00
1,3,2025-04-25,10,Efectivo,740000.00,0.00,0.00
6,1,2025-10-02,5,Efectivo,390000.00,0.00,0.00
7,3,2025-06-10,3,Transferencia,195000.00,5.00,9750.00
7,1,2025-12-29,12,Transferencia,906000.00,0.00,0.00
5,3,2025-09-17,5,Tarjeta,311000.00,0.00,0.00
3,3,2025-07-14,5,Transferencia,334000.00,0.00,0.00
10,3,2025-10-24,9,Tarjeta,782500.00,0.00,0.00
9,3,2025-05-26,5,Transferencia,354500.00,0.00,0.00
2,2,2025-11-09,10,Tarjeta,769000.00,5.00,38450.00
4,1,2025-08-06,11,Transferencia,644500.00,0.00,0.00
6,2,2025-11-01,10,Transferencia,657500.00,0.00,0.00
9,2,2025-05-22,4,Transferencia,267000.00,10.00,26700.00
6,3,2025-06-21,5,Efectivo,61500.00,5.00,3075.00
7,2,2025-02-02,12,Tarjeta,1008500.00,0.00,0.00
6,2,2025-01-04,7,Tarjeta,414500.00,15.00,62175.00
3,2,2025-07-27,9,Efectivo,747000.00,10.00,74700.00
6,1,2025-07-14,6,Tarjeta,476000.00,0.00,0.00
1,3,2025-08-29,1,Transferencia,98000.00,0.00,0.00
1,1,2025-11-30,2,Efectivo,162000.00,15.00,24300.00
10,1,2025-02-28,9,Tarjeta,445500.00,5.00,22275.00
2,3,2025-06-09,5,Efectivo,434000.00,0.00,0.00
4,1,2025-11-18,6,Transferencia,264500.00,0.00,0.00
2,3,2025-07-09,5,Transferencia,455000.00,0.00,0.00
8,3,2025-11-22,10,Efectivo,652000.00,0.00,0.00
5,2,2025-10-31,2,Efectivo,84000.00,10.00,8400.00
10,3,2025-10-19,4,Tarjeta,288000.00,0.00,0.00
6,2,2025-05-13,5,Transferencia,187500.00,0.00,0.00
4,3,2025-10-12,8,Tarjeta,819000.00,15.00,122850.00
6,2,2025-10-25,11,Transferencia,761000.00,5.00,38050.00
6,1,2025-04-09,14,Transferencia,719500.00,0.00,0.00
5,1,2025-04-10,6,Tarjeta,486000.00,5.00,24300.00
9,2,2025-01-28,4,Transferencia,470000.00,10.00,47000.00
6,1,2025-08-14,5,Efectivo,525000.00,0.00,0.00
1,1,2025-12-18,13,Efectivo,801500.00,0.00,0.00
5,3,2025-08-15,5,Tarjeta,456000.00,15.00,68400.00
3,1,2025-02-11,11,Efectivo,787500.00,15.00,118125.00
8,1,2025-05-25,6,Transferencia,321000.00,0.00,0.00
7,1,2025-04-12,2,Transferencia,128000.00,10.00,12800.00
10,2,2025-11-01,3,Tarjeta,330000.00,10.00,33000.00
9,3,2025-05-20,10,Tarjeta,619500.00,5.00,30975.00
10,3,2025-12-12,8,Efectivo,460500.00,0.00,0.00
3,3,2025-05-23,8,Tarjeta,286000.00,0.00,0.00
7,3,2025-06-18,4,Tarjeta,327000.00,10.00,32700.00
7,3,2025-03-01,11,Efectivo,875000.00,15.00,131250.00
5,2,2025-03-09,7,Transferencia,550500.00,0.00,0.00
7,1,2025-10-10,1,Efectivo,110000.00,0.00,0.00
8,3,2025-03-20,9,Tarjeta,578500.00,0.00,0.00
3,1,2025-09-18,8,Tarjeta,390000.00,0.00,0.00
8,1,2025-10-24,9,Tarjeta,522000.00,0.00,0.00
7,1,2025-04-30,7,Tarjeta,328500.00,0.00,0.00
2,2,2025-06-19,9,Efectivo,715000.00,15.00,107250.00
2,2,2025-07-23,11,Transferencia,896000.00,0.00,0.00
2,2,2025-04-27,1,Efectivo,110000.00,0.00,0.00
1,2,2025-01-15,5,Efectivo,341000.00,0.00,0.00
3,1,2025-12-16,3,Efectivo,195000.00,0.00,0.00
10,1,2025-09-12,10,Efectivo,648000.00,10.00,64800.00
10,2,2025-06-26,6,Transferencia,260500.00,0.00,0.00
10,2,2025-07-03,5,Transferencia,468000.00,0.00,0.00
1,3,2025-12-18,7,Transferencia,284500.00,0.00,0.00
3,3,2025-12-14,2,Efectivo,84000.00,10.00,8400.00
2,2,2025-03-09,10,Tarjeta,340500.00,0.00,0.00
8,2,2025-05-12,5,Transferencia,443500.00,0.00,0.00
9,2,2025-07-23,10,Efectivo,732000.00,0.00,0.00
7,3,2025-10-27,2,Tarjeta,150000.00,15.00,22500.00
10,1,2025-06-17,3,Transferencia,330000.00,10.00,33000.00
3,1,2025-03-01,5,Efectivo,535000.00,0.00,0.00
9,2,2025-07-09,3,Transferencia,261000.00,0.00,0.00
1,3,2025-05-24,3,Tarjeta,260000.00,15.00,39000.00
9,3,2025-07-08,2,Tarjeta,130000.00,5.00,6500.00
2,3,2025-08-21,9,Efectivo,555500.00,0.00,0.00
6,1,2025-04-30,1,Transferencia,42000.00,0.00,0.00
5,1,2025-10-04,1,Efectivo,18000.00,0.00,0.00
10,2,2025-05-02,4,Efectivo,402000.00,0.00,0.00
2,2,2025-02-28,5,Tarjeta,275500.00,0.00,0.00
9,2,2025-12-04,2,Tarjeta,240000.00,0.00,0.00
2,2,2025-08-07,5,Transferencia,230500.00,0.00,0.00
9,3,2025-10-27,7,Tarjeta,587000.00,0.00,0.00
9,3,2025-11-30,9,Efectivo,441000.00,10.00,44100.00
5,2,2025-06-10,9,Efectivo,626000.00,0.00,0.00
9,1,2025-03-08,11,Transferencia,985000.00,0.00,0.00
2,3,2025-06-30,3,Transferencia,134000.00,0.00,0.00
9,2,2025-06-29,9,Efectivo,750000.00,0.00,0.00
1,3,2025-10-13,7,Transferencia,413000.00,0.00,0.00
3,3,2025-04-03,8,Transferencia,752500.00,0.00,0.00
6,1,2025-08-21,5,Tarjeta,401000.00,15.00,60150.00
2,2,2025-01-26,7,Tarjeta,585000.00,5.00,29250.00
10,2,2025-05-26,5,Transferencia,443500.00,5.00,22175.00
5,2,2025-03-12,2,Tarjeta,240000.00,0.00,0.00
3,2,2025-03-31,5,Transferencia,556000.00,5.00,27800.00
2,2,2025-08-24,6,Transferencia,523000.00,0.00,0.00
10,2,2025-03-29,6,Transferencia,518500.00,0.00,0.00
7,2,2025-02-10,7,Transferencia,154500.00,15.00,23175.00
6,2,2025-04-10,3,Transferencia,315000.00,15.00,47250.00
2,1,2025-03-20,11,Transferencia,835000.00,0.00,0.00
6,3,2025-11-16,4,Tarjeta,460000.00,0.00,0.00
10,1,2025-05-21,9,Tarjeta,652500.00,0.00,0.00
10,3,2025-02-16,9,Transferencia,661000.00,10.00,66100.00
3,1,2025-09-14,3,Tarjeta,294000.00,15.00,44100.00
1,1,2025-03-30,7,Transferencia,520000.00,0.00,0.00
10,1,2025-06-23,8,Transferencia,319500.00,15.00,47925.00
10,1,2025-12-03,2,Tarjeta,36000.00,15.00,5400.00
7,1,2025-12-24,3,Transferencia,126000.00,0.00,0.00
3,3,2025-06-18,7,Transferencia,427500.00,10.00,42750.00
4,1,2025-04-09,1,Efectivo,42000.00,0.00,0.00
9,1,2025-10-04,3,Transferencia,135000.00,0.00,0.00
3,3,2025-11-16,2,Tarjeta,130000.00,0.00,0.00
8,3,2025-05-02,8,Tarjeta,263000.00,0.00,0.00
8,2,2025-08-14,10,Tarjeta,748500.00,0.00,0.00
9,1,2025-02-22,2,Tarjeta,36000.00,0.00,0.00
3,2,2025-09-20,3,Efectivo,146000.00,15.00,21900.00
4,2,2025-07-11,7,Efectivo,489000.00,5.00,24450.00
1,2,2025-03-12,4,Tarjeta,405000.00,0.00,0.00
5,1,2025-01-10,8,Efectivo,514000.00,0.00,0.00
2,1,2025-08-23,9,Tarjeta,680500.00,0.00,0.00
10,2,2025-05-04,1,Efectivo,98000.00,0.00,0.00
9,3,2025-10-06,2,Transferencia,130000.00,10.00,13000.00
5,3,2025-07-11,9,Efectivo,409500.00,15.00,61425.00
3,1,2025-06-20,10,Tarjeta,837500.00,10.00,83750.00
5,1,2025-01-19,5,Efectivo,294000.00,0.00,0.00
8,2,2025-10-06,4,Efectivo,96000.00,5.00,4800.00
7,2,2025-07-08,10,Transferencia,473000.00,5.00,23650.00
2,2,2025-08-06,2,Transferencia,60000.00,10.00,6000.00
8,3,2025-06-06,8,Transferencia,579000.00,0.00,0.00
5,3,2025-08-11,2,Efectivo,130000.00,0.00,0.00
3,1,2025-12-14,12,Efectivo,1011000.00,5.00,50550.00
8,2,2025-12-14,9,Tarjeta,516000.00,5.00,25800.00
3,2,2025-01-14,9,Transferencia,417500.00,0.00,0.00
4,1,2025-09-09,1,Efectivo,110000.00,0.00,0.00
2,3,2025-08-16,5,Tarjeta,166000.00,0.00,0.00
3,2,2025-12-25,2,Transferencia,118500.00,0.00,0.00
6,3,2025-01-14,5,Transferencia,347000.00,10.00,34700.00
9,2,2025-09-03,11,Tarjeta,716000.00,0.00,0.00
10,1,2025-10-10,5,Efectivo,402000.00,15.00,60300.00
6,3,2025-04-26,1,Tarjeta,42000.00,0.00,0.00
5,1,2025-10-10,7,Transferencia,428500.00,15.00,64275.00
10,2,2025-11-16,1,Transferencia,120000.00,15.00,18000.00
5,3,2025-10-23,13,Efectivo,1027000.00,0.00,0.00
7,2,2025-12-17,1,Tarjeta,120000.00,0.00,0.00
8,1,2025-09-05,11,Tarjeta,663000.00,5.00,33150.00
2,2,2025-08-27,3,Tarjeta,258000.00,0.00,0.00
7,1,2025-11-12,7,Efectivo,351500.00,0.00,0.00
8,1,2025-06-07,6,Efectivo,377500.00,0.00,0.00
8,2,2025-12-01,2,Transferencia,17000.00,10.00,1700.00
7,2,2025-07-07,8,Efectivo,504500.00,0.00,0.00
9,2,2025-08-19,9,Transferencia,680000.00,0.00,0.00
9,1,2025-07-25,3,Efectivo,54000.00,10.00,5400.00
8,1,2025-09-23,13,Transferencia,647500.00,15.00,97125.00
8,3,2025-09-30,7,Transferencia,710000.00,10.00,71000.00
5,3,2025-10-26,2,Transferencia,220000.00,0.00,0.00
10,1,2025-10-24,1,Transferencia,110000.00,0.00,0.00
7,1,2025-11-14,4,Transferencia,402000.00,10.00,40200.00
7,1,2025-06-10,5,Tarjeta,279000.00,0.00,0.00
3,3,2025-02-01,10,Efectivo,712000.00,0.00,0.00
5,3,2025-12-13,5,Tarjeta,261000.00,10.00,26100.00
4,3,2025-05-28,8,Transferencia,522000.00,0.00,0.00
7,2,2025-10-06,5,Tarjeta,444000.00,10.00,44400.00
5,3,2025-12-02,5,Tarjeta,355000.00,0.00,0.00
5,1,2025-12-23,8,Efectivo,525500.00,10.00,52550.00
3,1,2025-02-21,4,Transferencia,326000.00,0.00,0.00
6,2,2025-05-28,3,Transferencia,25500.00,0.00,0.00
1,1,2025-10-01,4,Tarjeta,370000.00,15.00,55500.00
1,1,2025-05-29,9,Tarjeta,384500.00,0.00,0.00
3,3,2025-06-19,7,Tarjeta,570000.00,0.00,0.00
3,3,2025-04-09,7,Transferencia,394000.00,0.00,0.00
6,1,2025-09-02,6,Efectivo,297000.00,0.00,0.00
1,2,2025-10-21,5,Transferencia,511000.00,15.00,76650.00
5,3,2025-09-15,4,Efectivo,157000.00,15.00,23550.00
6,2,2025-11-07,12,Transferencia,788500.00,0.00,0.00
2,3,2025-07-05,3,Efectivo,225000.00,0.00,0.00
6,3,2025-03-26,3,Tarjeta,225000.00,0.00,0.00
9,2,2025-02-16,9,Efectivo,517000.00,0.00,0.00
1,2,2025-06-07,3,Tarjeta,225000.00,10.00,22500.00
2,3,2025-06-26,1,Efectivo,110000.00,5.00,5500.00
7,2,2025-03-11,7,Tarjeta,572000.00,15.00,85800.00
9,1,2025-07-21,3,Transferencia,250000.00,0.00,0.00
7,3,2025-10-06,3,Tarjeta,260000.00,15.00,39000.00
1,3,2025-02-27,12,Tarjeta,954500.00,0.00,0.00
4,3,2025-01-25,7,Efectivo,374500.00,15.00,56175.00
6,3,2025-10-22,7,Transferencia,287500.00,0.00,0.00
1,3,2025-05-21,3,Transferencia,172000.00,0.00,0.00
7,3,2025-11-26,7,Tarjeta,201500.00,0.00,0.00
3,2,2025-06-03,8,Efectivo,404000.00,0.00,0.00
6,1,2025-08-19,5,Transferencia,294000.00,0.00,0.00
2,1,2025-01-21,7,Transferencia,289500.00,0.00,0.00
4,3,2025-09-03,5,Transferencia,212000.00,0.00,0.00
8,3,2025-07-14,7,Transferencia,292000.00,15.00,43800.00
6,1,2025-08-29,5,Tarjeta,467000.00,15.00,70050.00
10,3,2025-10-27,6,Tarjeta,365000.00,0.00,0.00
9,3,2025-09-13,9,Transferencia,546000.00,0.00,0.00
6,1,2025-03-28,8,Efectivo,493500.00,15.00,74025.00
2,3,2025-04-29,3,Efectivo,225000.00,0.00,0.00
10,3,2025-01-31,10,Transferencia,936000.00,0.00,0.00
9,2,2025-05-21,9,Efectivo,559500.00,0.00,0.00
5,2,2025-07-01,5,Efectivo,332000.00,5.00,16600.00
1,1,2025-12-01,8,Tarjeta,582000.00,10.00,58200.00
6,3,2025-11-27,9,Efectivo,589500.00,0.00,0.00
1,1,2025-10-16,3,Tarjeta,225000.00,15.00,33750.00
2,2,2025-07-23,12,Efectivo,635000.00,15.00,95250.00
1,1,2025-06-27,6,Tarjeta,79500.00,0.00,0.00
6,1,2025-07-23,7,Transferencia,462000.00,0.00,0.00
10,3,2025-12-15,1,Tarjeta,42000.00,0.00,0.00
5,1,2025-02-12,3,Tarjeta,148000.00,10.00,14800.00
6,2,2025-08-16,4,Efectivo,237000.00,0.00,0.00
7,1,2025-09-20,3,Efectivo,294000.00,15.00,44100.00
7,1,2025-06-16,8,Tarjeta,797000.00,0.00,0.00
3,2,2025-03-28,5,Tarjeta,367000.00,0.00,0.00
2,2,2025-09-05,4,Tarjeta,372000.00,0.00,0.00
5,1,2025-03-11,6,Tarjeta,386000.00,0.00,0.00
10,1,2025-11-30,5,Tarjeta,331000.00,15.00,49650.00
8,3,2025-11-21,6,Efectivo,373000.00,15.00,55950.00
9,1,2025-04-03,8,Transferencia,636000.00,0.00,0.00
5,3,2025-05-04,10,Efectivo,766000.00,0.00,0.00
7,3,2025-12-21,8,Efectivo,605500.00,15.00,90825.00
10,3,2025-01-23,5,Transferencia,433000.00,0.00,0.00
9,3,2025-09-23,13,Transferencia,846000.00,5.00,42300.00
2,2,2025-09-05,3,Tarjeta,25500.00,10.00,2550.00
8,1,2025-06-25,10,Transferencia,889000.00,5.00,44450.00
2,1,2025-12-30,3,Tarjeta,54000.00,5.00,2700.00
3,2,2025-10-10,9,Transferencia,490500.00,0.00,0.00
4,2,2025-11-11,7,Transferencia,607500.00,0.00,0.00
3,2,2025-10-02,5,Tarjeta,580000.00,0.00,0.00
6,3,2025-09-28,12,Tarjeta,760000.00,0.00,0.00
10,1,2025-11-11,3,Transferencia,338000.00,10.00,33800.00
3,3,2025-12-22,9,Tarjeta,621000.00,0.00,0.00
3,3,2025-11-27,8,Efectivo,210500.00,0.00,0.00
3,1,2025-09-06,9,Tarjeta,783000.00,0.00,0.00
5,1,2025-04-23,5,Tarjeta,109500.00,0.00,0.00
9,3,2025-09-11,11,Efectivo,492500.00,15.00,73875.00
5,1,2025-05-07,4,Tarjeta,381000.00,15.00,57150.00
6,3,2025-10-29,7,Transferencia,281500.00,0.00,0.00
9,1,2025-11-02,7,Tarjeta,474000.00,10.00,47400.00
5,3,2025-01-31,5,Efectivo,242000.00,0.00,0.00
7,2,2025-12-13,10,Efectivo,871000.00,0.00,0.00
6,2,2025-12-22,6,Tarjeta,511000.00,0.00,0.00
6,1,2025-12-24,8,Transferencia,517000.00,0.00,0.00
10,2,2025-03-08,1,Tarjeta,120000.00,0.00,0.00
1,1,2025-08-24,9,Efectivo,692000.00,10.00,69200.00
6,2,2025-02-17,8,Efectivo,519000.00,0.00,0.00
7,3,2025-04-30,1,Efectivo,120000.00,0.00,0.00
10,1,2025-03-09,7,Transferencia,652000.00,0.00,0.00
7,1,2025-04-28,2,Transferencia,17000.00,0.00,0.00
3,2,2025-06-03,4,Efectivo,67500.00,0.00,0.00
8,2,2025-03-26,6,Transferencia,279000.00,0.00,0.00
2,1,2025-04-22,2,Efectivo,130000.00,0.00,0.00
3,1,2025-06-11,3,Tarjeta,225000.00,0.00,0.00
5,3,2025-11-08,7,Efectivo,462000.00,0.00,0.00
1,1,2025-11-27,7,Tarjeta,497500.00,0.00,0.00
7,3,2025-03-09,5,Tarjeta,308000.00,10.00,30800.00
1,1,2025-04-21,11,Tarjeta,843000.00,0.00,0.00
3,2,2025-11-12,6,Efectivo,354500.00,0.00,0.00
2,2,2025-11-21,8,Transferencia,482000.00,0.00,0.00
3,1,2025-06-08,4,Efectivo,257000.00,0.00,0.00
3,2,2025-05-13,6,Efectivo,387000.00,0.00,0.00
10,3,2025-05-15,8,Efectivo,604000.00,5.00,30200.00
2,1,2025-10-21,8,Transferencia,696500.00,0.00,0.00
9,3,2025-01-19,8,Transferencia,388000.00,0.00,0.00
9,3,2025-03-03,4,Efectivo,290000.00,0.00,0.00
8,2,2025-02-05,4,Tarjeta,167500.00,10.00,16750.00
4,2,2025-11-15,6,Tarjeta,332000.00,0.00,0.00
1,2,2025-11-22,6,Efectivo,409000.00,0.00,0.00
5,1,2025-03-14,4,Efectivo,326000.00,0.00,0.00
10,1,2025-02-13,6,Transferencia,555000.00,15.00,83250.00
4,2,2025-03-08,6,Tarjeta,546000.00,5.00,27300.00
3,3,2025-04-14,4,Efectivo,237000.00,5.00,11850.00
6,1,2025-10-02,5,Tarjeta,488000.00,15.00,73200.00
10,1,2025-12-23,5,Efectivo,454000.00,0.00,0.00
5,2,2025-12-13,2,Efectivo,130000.00,0.00,0.00
4,1,2025-10-09,1,Tarjeta,18000.00,5.00,900.00
4,2,2025-03-08,1,Tarjeta,42000.00,5.00,2100.00
8,1,2025-04-12,5,Efectivo,353500.00,0.00,0.00
8,1,2025-07-22,7,Tarjeta,371000.00,15.00,55650.00
4,3,2025-11-12,6,Tarjeta,419000.00,0.00,0.00
9,1,2025-11-26,13,Transferencia,955000.00,10.00,95500.00
1,2,2025-04-03,3,Transferencia,305000.00,0.00,0.00
9,2,2025-08-30,4,Transferencia,378000.00,15.00,56700.00
4,3,2025-01-29,8,Tarjeta,266000.00,0.00,0.00
1,3,2025-10-30,7,Transferencia,179000.00,5.00,8950.00
1,1,2025-02-16,3,Transferencia,282000.00,15.00,42300.00
3,2,2025-04-14,2,Transferencia,218000.00,0.00,0.00
2,3,2025-03-14,3,Tarjeta,294000.00,0.00,0.00
10,1,2025-07-22,8,Tarjeta,506000.00,0.00,0.00
6,1,2025-11-29,12,Transferencia,799000.00,15.00,119850.00
10,2,2025-01-01,3,Transferencia,54000.00,15.00,8100.00
10,1,2025-04-24,2,Tarjeta,208000.00,10.00,20800.00
2,3,2025-03-27,5,Transferencia,284000.00,10.00,28400.00
1,1,2025-02-25,9,Tarjeta,568000.00,10.00,56800.00
4,1,2025-10-23,2,Tarjeta,240000.00,10.00,24000.00
2,2,2025-02-23,9,Efectivo,700000.00,0.00,0.00
1,2,2025-12-27,2,Transferencia,73500.00,5.00,3675.00
9,3,2025-07-29,10,Transferencia,396500.00,0.00,0.00
1,2,2025-03-20,5,Efectivo,175000.00,15.00,26250.00
2,2,2025-05-30,6,Efectivo,455000.00,0.00,0.00
3,2,2025-07-18,6,Tarjeta,426000.00,10.00,42600.00
1,1,2025-10-16,3,Transferencia,25500.00,15.00,3825.00
10,1,2025-07-31,3,Transferencia,195000.00,0.00,0.00
8,3,2025-10-02,12,Efectivo,906000.00,0.00,0.00
3,1,2025-11-14,2,Tarjeta,26500.00,5.00,1325.00
7,1,2025-12-16,4,Transferencia,144000.00,15.00,21600.00
9,2,2025-07-23,8,Tarjeta,627000.00,0.00,0.00
2,3,2025-02-21,7,Efectivo,457000.00,0.00,0.00
1,1,2025-08-31,8,Tarjeta,457000.00,15.00,68550.00
5,2,2025-09-01,8,Efectivo,333000.00,5.00,16650.00
5,3,2025-03-10,7,Tarjeta,495000.00,5.00,24750.00
8,3,2025-07-28,1,Tarjeta,18000.00,15.00,2700.00
3,3,2025-07-26,1,Transferencia,18000.00,0.00,0.00
1,1,2025-04-13,9,Efectivo,497500.00,0.00,0.00
1,1,2025-03-05,8,Tarjeta,539000.00,0.00,0.00
2,2,2025-05-13,8,Efectivo,382500.00,15.00,57375.00
9,1,2025-07-29,1,Transferencia,110000.00,0.00,0.00
1,1,2025-11-04,9,Tarjeta,521000.00,0.00,0.00
9,3,2025-12-13,9,Tarjeta,553000.00,10.00,55300.00
6,2,2025-11-24,5,Tarjeta,209500.00,0.00,0.00
3,3,2025-06-13,9,Efectivo,507000.00,0.00,0.00
4,2,2025-10-20,5,Transferencia,514000.00,5.00,25700.00
9,1,2025-12-03,1,Tarjeta,110000.00,0.00,0.00
3,3,2025-10-14,2,Tarjeta,150000.00,10.00,15000.00
6,2,2025-08-04,13,Tarjeta,1004000.00,0.00,0.00
9,1,2025-04-10,6,Transferencia,374000.00,0.00,0.00
3,2,2025-08-23,5,Transferencia,242000.00,0.00,0.00
1,1,2025-06-10,6,Tarjeta,307000.00,0.00,0.00
3,3,2025-02-15,6,Tarjeta,568000.00,0.00,0.00
6,3,2025-01-08,3,Efectivo,360000.00,0.00,0.00
6,2,2025-04-26,3,Efectivo,195000.00,0.00,0.00
2,1,2025-03-27,8,Tarjeta,708000.00,0.00,0.00
3,2,2025-12-18,3,Tarjeta,193500.00,0.00,0.00
4,3,2025-03-09,12,Efectivo,894000.00,0.00,0.00
2,3,2025-01-25,2,Efectivo,17000.00,0.00,0.00
9,2,2025-03-05,6,Tarjeta,519000.00,10.00,51900.00
2,3,2025-12-05,9,Transferencia,639000.00,5.00,31950.00
8,1,2025-02-24,4,Transferencia,191000.00,0.00,0.00
5,1,2025-07-29,7,Efectivo,459500.00,0.00,0.00
8,1,2025-10-21,10,Efectivo,529500.00,0.00,0.00
3,1,2025-02-21,3,Tarjeta,283000.00,5.00,14150.00
3,2,2025-12-06,6,Tarjeta,338000.00,0.00,0.00
5,2,2025-08-22,8,Transferencia,504500.00,0.00,0.00
2,2,2025-03-23,9,Transferencia,512500.00,0.00,0.00
8,2,2025-03-08,9,Efectivo,689000.00,0.00,0.00
10,3,2025-09-26,6,Transferencia,420000.00,0.00,0.00
7,3,2025-02-18,6,Transferencia,384000.00,0.00,0.00
9,3,2025-03-18,3,Efectivo,54000.00,0.00,0.00
3,1,2025-09-11,5,Tarjeta,194000.00,0.00,0.00
7,1,2025-07-13,7,Efectivo,474000.00,10.00,47400.00
1,1,2025-12-01,10,Tarjeta,771000.00,15.00,115650.00
4,3,2025-10-15,10,Transferencia,617500.00,0.00,0.00
6,3,2025-12-03,3,Tarjeta,25500.00,10.00,2550.00
5,3,2025-07-01,6,Transferencia,467000.00,0.00,0.00
2,2,2025-07-29,3,Transferencia,270000.00,0.00,0.00
6,1,2025-04-08,2,Tarjeta,17000.00,0.00,0.00
9,1,2025-10-29,3,Tarjeta,360000.00,0.00,0.00
8,3,2025-10-27,14,Efectivo,838500.00,0.00,0.00
10,3,2025-08-03,4,Efectivo,258000.00,0.00,0.00
9,2,2025-12-25,10,Transferencia,546000.00,0.00,0.00
3,3,2025-12-11,3,Transferencia,318000.00,0.00,0.00
10,3,2025-10-26,7,Transferencia,506000.00,15.00,75900.00
4,2,2025-01-29,6,Efectivo,263000.00,0.00,0.00
6,2,2025-01-17,12,Efectivo,978000.00,0.00,0.00
7,2,2025-07-15,6,Transferencia,644000.00,0.00,0.00
4,3,2025-08-15,5,Transferencia,401000.00,15.00,60150.00
3,1,2025-02-08,10,Transferencia,414500.00,0.00,0.00
6,2,2025-01-03,5,Transferencia,265500.00,15.00,39825.00
5,2,2025-11-12,9,Transferencia,630500.00,0.00,0.00
7,1,2025-10-02,4,Tarjeta,346000.00,0.00,0.00
10,3,2025-04-22,11,Tarjeta,873000.00,0.00,0.00
6,2,2025-12-16,9,Efectivo,622000.00,0.00,0.00
8,1,2025-08-17,2,Tarjeta,140000.00,15.00,21000.00
1,3,2025-10-01,5,Efectivo,355000.00,0.00,0.00
9,3,2025-04-16,8,Transferencia,619500.00,5.00,30975.00
3,2,2025-01-28,2,Transferencia,150000.00,0.00,0.00
7,2,2025-08-19,3,Tarjeta,195000.00,5.00,9750.00
10,1,2025-11-25,11,Transferencia,873000.00,10.00,87300.00
7,3,2025-07-15,10,Efectivo,359500.00,0.00,0.00
5,3,2025-03-15,3,Transferencia,227000.00,15.00,34050.00
9,3,2025-07-21,6,Efectivo,486000.00,0.00,0.00
9,1,2025-11-27,3,Efectivo,192000.00,15.00,28800.00
1,3,2025-10-18,10,Tarjeta,810500.00,0.00,0.00
3,3,2025-07-02,4,Transferencia,43500.00,0.00,0.00
8,2,2025-06-12,8,Tarjeta,434500.00,5.00,21725.00
7,2,2025-12-31,4,Tarjeta,346000.00,0.00,0.00
8,3,2025-06-06,3,Efectivo,82000.00,0.00,0.00
5,3,2025-04-11,1,Transferencia,8500.00,0.00,0.00
1,3,2025-11-20,11,Transferencia,723000.00,0.00,0.00
7,1,2025-07-07,6,Transferencia,213000.00,0.00,0.00
4,3,2025-01-06,2,Transferencia,93000.00,0.00,0.00
3,3,2025-10-17,6,Transferencia,385000.00,15.00,57750.00
9,2,2025-04-16,10,Tarjeta,719000.00,0.00,0.00
10,3,2025-05-15,4,Transferencia,326000.00,0.00,0.00
9,2,2025-02-09,4,Tarjeta,166000.00,0.00,0.00
1,3,2025-11-06,7,Efectivo,233000.00,10.00,23300.00
2,3,2025-11-05,8,Efectivo,829000.00,0.00,0.00
7,1,2025-11-28,3,Efectivo,54000.00,0.00,0.00
9,1,2025-03-10,3,Transferencia,248500.00,0.00,0.00
10,3,2025-07-27,1,Transferencia,42000.00,15.00,6300.00
8,1,2025-08-30,11,Efectivo,392000.00,15.00,58800.00
8,3,2025-06-25,2,Transferencia,150000.00,0.00,0.00
1,1,2025-02-25,10,Transferencia,556500.00,0.00,0.00
9,1,2025-09-30,11,Efectivo,670000.00,0.00,0.00
9,2,2025-01-23,6,Efectivo,339000.00,0.00,0.00
2,2,2025-04-30,11,Transferencia,659500.00,0.00,0.00
6,2,2025-04-16,2,Tarjeta,36000.00,0.00,0.00
5,3,2025-05-10,11,Tarjeta,534500.00,0.00,0.00
8,2,2025-10-12,10,Tarjeta,781000.00,0.00,0.00
2,1,2025-03-24,10,Transferencia,725000.00,15.00,108750.00
2,1,2025-01-03,10,Tarjeta,623500.00,0.00,0.00
10,3,2025-07-25,7,Transferencia,507000.00,15.00,76050.00
5,1,2025-09-23,7,Efectivo,347500.00,0.00,0.00
6,3,2025-07-24,9,Tarjeta,735000.00,0.00,0.00
6,2,2025-10-26,5,Tarjeta,480000.00,5.00,24000.00
9,1,2025-07-28,2,Transferencia,84000.00,0.00,0.00
5,3,2025-09-20,5,Transferencia,379000.00,0.00,0.00
8,3,2025-08-23,10,Efectivo,628500.00,10.00,62850.00
6,3,2025-07-31,1,Transferencia,42000.00,10.00,4200.00
6,1,2025-12-11,3,Transferencia,238000.00,0.00,0.00
3,3,2025-05-18,2,Transferencia,208000.00,0.00,0.00
4,1,2025-05-16,2,Efectivo,106500.00,0.00,0.00
8,3,2025-12-13,10,Efectivo,663000.00,0.00,0.00
5,2,2025-09-19,11,Efectivo,646000.00,0.00,0.00
8,1,2025-03-31,10,Transferencia,946000.00,15.00,141900.00
3,3,2025-05-13,5,Tarjeta,276000.00,0.00,0.00
7,1,2025-09-13,5,Tarjeta,401000.00,0.00,0.00
4,1,2025-10-22,4,Transferencia,302000.00,0.00,0.00
8,1,2025-03-18,10,Efectivo,635500.00,15.00,95325.00
1,2,2025-10-18,4,Efectivo,257000.00,0.00,0.00
8,3,2025-02-19,7,Tarjeta,414000.00,5.00,20700.00
10,1,2025-06-29,13,Transferencia,847000.00,0.00,0.00
10,2,2025-07-15,4,Tarjeta,232000.00,0.00,0.00
7,1,2025-10-20,4,Efectivo,213000.00,0.00,0.00
5,3,2025-12-30,8,Transferencia,422000.00,5.00,21100.00
4,3,2025-03-06,1,Tarjeta,75000.00,0.00,0.00
2,2,2025-02-18,2,Transferencia,240000.00,0.00,0.00
2,2,2025-02-12,4,Transferencia,213000.00,15.00,31950.00
8,3,2025-05-26,4,Efectivo,378000.00,0.00,0.00
8,2,2025-06-16,7,Transferencia,632500.00,0.00,0.00
10,2,2025-11-20,9,Transferencia,465000.00,10.00,46500.00
1,3,2025-01-06,6,Efectivo,487000.00,0.00,0.00
5,1,2025-09-02,6,Tarjeta,475000.00,0.00,0.00
7,2,2025-10-15,3,Efectivo,240000.00,10.00,24000.00
4,3,2025-11-17,7,Transferencia,452000.00,5.00,22600.00
3,2,2025-04-04,6,Efectivo,476000.00,15.00,71400.00
3,1,2025-01-12,5,Tarjeta,227000.00,5.00,11350.00
4,2,2025-09-10,6,Tarjeta,498000.00,5.00,24900.00
5,2,2025-01-29,8,Efectivo,481500.00,0.00,0.00
4,3,2025-08-15,4,Efectivo,404000.00,0.00,0.00
8,2,2025-04-17,7,Transferencia,632500.00,0.00,0.00
2,2,2025-09-24,5,Tarjeta,363000.00,10.00,36300.00
1,1,2025-06-16,14,Tarjeta,956500.00,5.00,47825.00
3,2,2025-05-08,12,Efectivo,987000.00,0.00,0.00
8,1,2025-03-06,11,Tarjeta,719500.00,5.00,35975.00
8,3,2025-09-06,12,Tarjeta,513500.00,0.00,0.00
3,1,2025-10-11,5,Transferencia,274000.00,0.00,0.00
9,2,2025-01-01,5,Transferencia,366000.00,15.00,54900.00
9,2,2025-02-02,10,Efectivo,511000.00,15.00,76650.00
1,1,2025-02-04,1,Efectivo,75000.00,0.00,0.00
1,3,2025-02-20,6,Transferencia,490000.00,0.00,0.00
1,1,2025-02-06,10,Transferencia,776000.00,0.00,0.00
1,3,2025-12-29,9,Tarjeta,737000.00,10.00,73700.00
4,3,2025-04-08,6,Transferencia,180000.00,0.00,0.00
10,2,2025-02-24,10,Transferencia,656500.00,0.00,0.00
10,2,2025-10-01,7,Tarjeta,427000.00,0.00,0.00
10,1,2025-06-15,10,Transferencia,766000.00,10.00,76600.00
1,3,2025-11-02,4,Efectivo,164500.00,0.00,0.00
5,3,2025-12-20,9,Transferencia,748000.00,10.00,74800.00
2,3,2025-06-03,12,Tarjeta,1015000.00,0.00,0.00
10,3,2025-02-18,1,Tarjeta,65000.00,0.00,0.00
6,2,2025-06-21,3,Tarjeta,225000.00,0.00,0.00
1,3,2025-11-05,9,Transferencia,530000.00,15.00,79500.00
3,1,2025-04-24,7,Transferencia,633000.00,10.00,63300.00
3,2,2025-03-17,8,Efectivo,465000.00,0.00,0.00
3,2,2025-03-08,6,Transferencia,555000.00,15.00,83250.00
4,1,2025-09-26,5,Efectivo,311000.00,0.00,0.00
6,2,2025-08-05,4,Efectivo,292000.00,0.00,0.00
8,3,2025-11-12,9,Efectivo,792500.00,0.00,0.00
1,1,2025-02-27,5,Transferencia,444000.00,0.00,0.00
8,2,2025-06-06,5,Efectivo,299000.00,0.00,0.00
9,2,2025-05-13,6,Transferencia,585000.00,0.00,0.00
3,1,2025-05-11,5,Tarjeta,444000.00,0.00,0.00
7,3,2025-02-04,6,Tarjeta,283500.00,0.00,0.00
2,2,2025-09-18,9,Tarjeta,537500.00,0.00,0.00
6,2,2025-06-06,5,Tarjeta,396000.00,0.00,0.00
4,3,2025-06-04,2,Tarjeta,84000.00,0.00,0.00
9,2,2025-01-16,4,Efectivo,369000.00,10.00,36900.00
10,3,2025-09-24,4,Transferencia,203500.00,0.00,0.00
10,2,2025-06-09,12,Tarjeta,650000.00,0.00,0.00
3,3,2025-08-09,6,Transferencia,654000.00,0.00,0.00
3,2,2025-03-02,2,Efectivo,196000.00,0.00,0.00
8,3,2025-06-05,3,Transferencia,91500.00,15.00,13725.00
5,3,2025-11-12,9,Transferencia,533500.00,0.00,0.00
8,3,2025-11-06,5,Transferencia,241000.00,5.00,12050.00
7,1,2025-01-17,5,Tarjeta,255000.00,0.00,0.00
6,2,2025-09-08,10,Efectivo,859000.00,0.00,0.00
10,3,2025-10-20,2,Transferencia,17000.00,0.00,0.00
4,3,2025-01-22,7,Transferencia,607000.00,0.00,0.00
5,2,2025-06-05,8,Efectivo,752000.00,15.00,112800.00
3,3,2025-02-27,10,Transferencia,847000.00,0.00,0.00
2,2,2025-08-21,4,Tarjeta,368500.00,0.00,0.00
2,3,2025-07-05,7,Transferencia,372000.00,0.00,0.00
3,1,2025-03-18,2,Efectivo,130000.00,10.00,13000.00
3,1,2025-05-28,3,Efectivo,282000.00,0.00,0.00
9,1,2025-09-13,7,Transferencia,361000.00,0.00,0.00
4,3,2025-01-04,8,Tarjeta,636500.00,0.00,0.00
5,2,2025-11-05,2,Efectivo,17000.00,0.00,0.00
5,3,2025-03-24,8,Transferencia,593000.00,0.00,0.00
7,3,2025-02-04,7,Efectivo,587000.00,0.00,0.00
4,3,2025-09-26,14,Efectivo,1185000.00,15.00,177750.00
5,3,2025-06-12,13,Transferencia,815500.00,0.00,0.00
4,3,2025-11-09,3,Tarjeta,340000.00,0.00,0.00
4,3,2025-03-02,8,Tarjeta,569000.00,10.00,56900.00
2,2,2025-05-11,13,Tarjeta,1070000.00,0.00,0.00
4,2,2025-03-31,8,Tarjeta,662000.00,0.00,0.00
6,2,2025-10-02,3,Tarjeta,126000.00,0.00,0.00
9,3,2025-06-11,3,Efectivo,261000.00,0.00,0.00
1,2,2025-05-24,11,Tarjeta,468000.00,0.00,0.00
7,1,2025-05-20,3,Tarjeta,271000.00,0.00,0.00
2,2,2025-03-31,4,Efectivo,100500.00,0.00,0.00
3,1,2025-09-14,8,Tarjeta,299500.00,5.00,14975.00
7,3,2025-08-24,2,Transferencia,240000.00,0.00,0.00
10,1,2025-12-18,9,Tarjeta,588000.00,0.00,0.00
4,1,2025-06-14,6,Tarjeta,509000.00,10.00,50900.00
1,3,2025-02-28,11,Transferencia,583000.00,5.00,29150.00
10,2,2025-06-09,7,Transferencia,628500.00,10.00,62850.00
3,3,2025-07-20,11,Transferencia,649000.00,0.00,0.00
10,1,2025-08-27,5,Efectivo,175000.00,0.00,0.00
5,2,2025-11-12,4,Tarjeta,326000.00,0.00,0.00
8,1,2025-02-03,9,Tarjeta,458500.00,0.00,0.00
2,2,2025-07-27,3,Transferencia,126000.00,0.00,0.00
7,1,2025-10-30,3,Transferencia,111000.00,15.00,16650.00
7,2,2025-10-30,7,Transferencia,527500.00,0.00,0.00
8,1,2025-10-21,9,Transferencia,575000.00,15.00,86250.00
6,2,2025-07-14,1,Transferencia,8500.00,0.00,0.00
1,1,2025-10-25,4,Transferencia,304000.00,0.00,0.00
4,1,2025-08-17,7,Transferencia,598000.00,0.00,0.00
2,3,2025-06-26,10,Efectivo,846500.00,0.00,0.00
2,2,2025-07-03,5,Efectivo,391000.00,0.00,0.00
7,2,2025-12-31,7,Tarjeta,418500.00,0.00,0.00
7,1,2025-07-04,4,Tarjeta,378000.00,15.00,56700.00
7,1,2025-09-07,5,Efectivo,460000.00,0.00,0.00
10,1,2025-08-06,8,Tarjeta,569000.00,0.00,0.00
9,2,2025-05-02,11,Tarjeta,875000.00,0.00,0.00
3,3,2025-02-10,12,Transferencia,1176000.00,0.00,0.00
9,3,2025-02-09,13,Tarjeta,933000.00,10.00,93300.00
5,1,2025-05-31,12,Efectivo,1030000.00,10.00,103000.00
1,2,2025-11-16,3,Tarjeta,54000.00,10.00,5400.00
3,3,2025-05-10,5,Tarjeta,500000.00,0.00,0.00
8,2,2025-03-19,6,Efectivo,352000.00,0.00,0.00
10,1,2025-03-16,8,Tarjeta,393500.00,0.00,0.00
1,3,2025-06-26,1,Tarjeta,120000.00,0.00,0.00
5,2,2025-09-01,9,Transferencia,726000.00,10.00,72600.00
6,3,2025-07-15,3,Transferencia,25500.00,0.00,0.00
10,3,2025-08-10,8,Tarjeta,498000.00,0.00,0.00
4,3,2025-12-12,9,Transferencia,427500.00,5.00,21375.00
2,3,2025-09-26,4,Tarjeta,266000.00,5.00,13300.00
10,3,2025-01-30,12,Efectivo,976000.00,0.00,0.00
3,2,2025-12-23,10,Tarjeta,572000.00,5.00,28600.00
1,2,2025-05-22,4,Tarjeta,221000.00,0.00,0.00
10,2,2025-04-13,8,Efectivo,539500.00,0.00,0.00
2,1,2025-05-13,2,Efectivo,84000.00,10.00,8400.00
1,1,2025-03-18,9,Transferencia,261500.00,0.00,0.00
8,2,2025-09-09,1,Tarjeta,75000.00,0.00,0.00
8,1,2025-12-19,10,Transferencia,697000.00,0.00,0.00
2,2,2025-06-24,3,Tarjeta,102000.00,0.00,0.00
7,1,2025-06-03,6,Transferencia,678000.00,5.00,33900.00
10,1,2025-01-13,8,Tarjeta,314000.00,5.00,15700.00
1,2,2025-06-22,4,Efectivo,428000.00,0.00,0.00
2,1,2025-04-30,3,Transferencia,306000.00,0.00,0.00
1,1,2025-11-13,4,Transferencia,368500.00,0.00,0.00
8,3,2025-02-19,9,Efectivo,513500.00,0.00,0.00
7,2,2025-12-14,7,Efectivo,492500.00,0.00,0.00
6,3,2025-03-28,9,Efectivo,578000.00,0.00,0.00
8,1,2025-01-09,1,Efectivo,18000.00,0.00,0.00
5,2,2025-10-31,8,Transferencia,311000.00,0.00,0.00
1,3,2025-11-09,7,Efectivo,234000.00,15.00,35100.00
10,2,2025-02-18,7,Transferencia,345500.00,0.00,0.00
8,1,2025-08-31,3,Efectivo,360000.00,0.00,0.00
7,2,2025-04-18,8,Tarjeta,662500.00,5.00,33125.00
10,3,2025-08-16,5,Tarjeta,321000.00,15.00,48150.00
4,2,2025-07-31,3,Efectivo,330000.00,0.00,0.00
3,1,2025-08-12,9,Transferencia,396500.00,0.00,0.00
4,2,2025-05-19,2,Efectivo,240000.00,10.00,24000.00
7,1,2025-08-23,4,Tarjeta,372000.00,0.00,0.00
10,3,2025-03-29,3,Efectivo,195000.00,0.00,0.00
10,2,2025-04-21,5,Tarjeta,533000.00,15.00,79950.00
10,1,2025-04-24,1,Transferencia,65000.00,10.00,6500.00
1,2,2025-09-16,6,Transferencia,568000.00,0.00,0.00
7,1,2025-01-07,4,Efectivo,246500.00,0.00,0.00
8,3,2025-03-24,11,Transferencia,776000.00,0.00,0.00
2,2,2025-11-18,8,Transferencia,519000.00,0.00,0.00
2,3,2025-04-17,1,Tarjeta,98000.00,10.00,9800.00
10,1,2025-08-27,7,Tarjeta,278000.00,0.00,0.00
3,2,2025-04-15,10,Efectivo,577500.00,0.00,0.00
5,1,2025-08-05,7,Efectivo,584000.00,0.00,0.00
9,2,2025-09-30,7,Tarjeta,619500.00,5.00,30975.00
3,2,2025-02-25,4,Efectivo,135500.00,0.00,0.00
5,2,2025-01-12,10,Transferencia,561000.00,5.00,28050.00
6,2,2025-09-24,9,Transferencia,645000.00,0.00,0.00
8,2,2025-08-16,3,Transferencia,92500.00,0.00,0.00
1,1,2025-05-28,7,Tarjeta,261500.00,5.00,13075.00
3,1,2025-12-29,2,Efectivo,240000.00,0.00,0.00
5,2,2025-08-14,4,Efectivo,436000.00,10.00,43600.00
3,3,2025-10-04,2,Tarjeta,240000.00,0.00,0.00
8,2,2025-03-16,3,Efectivo,294000.00,0.00,0.00
5,3,2025-08-31,4,Transferencia,348000.00,0.00,0.00
3,3,2025-01-21,1,Transferencia,42000.00,0.00,0.00
8,2,2025-04-23,7,Efectivo,540000.00,10.00,54000.00
1,1,2025-04-11,10,Transferencia,656000.00,0.00,0.00
6,2,2025-01-29,8,Efectivo,622000.00,0.00,0.00
2,1,2025-10-15,9,Transferencia,599000.00,0.00,0.00
10,3,2025-03-13,5,Efectivo,204000.00,0.00,0.00
10,2,2025-02-03,3,Efectivo,195000.00,0.00,0.00
3,3,2025-08-01,11,Tarjeta,616000.00,15.00,92400.00
4,1,2025-08-26,6,Efectivo,180000.00,0.00,0.00
5,2,2025-12-01,9,Efectivo,519000.00,0.00,0.00
10,2,2025-09-04,7,Tarjeta,380500.00,10.00,38050.00
3,2,2025-08-25,2,Efectivo,84000.00,0.00,0.00
1,2,2025-07-02,11,Tarjeta,833500.00,0.00,0.00
5,2,2025-12-17,4,Transferencia,124000.00,10.00,12400.00
8,2,2025-07-10,4,Tarjeta,338500.00,5.00,16925.00
10,3,2025-10-14,8,Transferencia,537500.00,0.00,0.00
8,3,2025-03-13,5,Transferencia,422000.00,15.00,63300.00
4,2,2025-03-14,5,Efectivo,396000.00,0.00,0.00
2,1,2025-02-27,10,Tarjeta,813500.00,0.00,0.00
1,1,2025-05-10,1,Tarjeta,8500.00,0.00,0.00
10,1,2025-04-16,8,Efectivo,605500.00,5.00,30275.00
10,1,2025-09-14,10,Transferencia,624500.00,15.00,93675.00
4,3,2025-02-20,7,Transferencia,576500.00,0.00,0.00
7,1,2025-07-14,3,Transferencia,250000.00,0.00,0.00
3,2,2025-09-24,5,Tarjeta,386000.00,15.00,57900.00
8,1,2025-06-09,8,Transferencia,414000.00,15.00,62100.00
2,2,2025-09-09,11,Tarjeta,762500.00,5.00,38125.00
4,3,2025-06-23,2,Tarjeta,150000.00,0.00,0.00
10,3,2025-05-23,9,Tarjeta,760000.00,10.00,76000.00
2,2,2025-02-25,6,Tarjeta,497500.00,0.00,0.00
3,2,2025-01-14,5,Transferencia,206000.00,0.00,0.00
8,2,2025-09-24,7,Efectivo,529000.00,0.00,0.00
9,1,2025-10-04,7,Efectivo,315000.00,15.00,47250.00
5,3,2025-12-04,9,Efectivo,417500.00,0.00,0.00
9,3,2025-10-11,9,Tarjeta,630000.00,0.00,0.00
5,2,2025-06-30,1,Efectivo,120000.00,0.00,0.00
10,1,2025-06-28,6,Transferencia,520000.00,0.00,0.00
4,1,2025-12-05,5,Efectivo,355000.00,15.00,53250.00
1,2,2025-06-16,8,Transferencia,603000.00,0.00,0.00
10,1,2025-06-15,2,Tarjeta,150000.00,0.00,0.00
6,1,2025-12-08,6,Transferencia,429500.00,0.00,0.00
4,2,2025-10-02,3,Tarjeta,126000.00,0.00,0.00
10,3,2025-04-26,11,Efectivo,503500.00,5.00,25175.00
5,3,2025-11-30,10,Tarjeta,666500.00,0.00,0.00
3,1,2025-10-08,13,Transferencia,608500.00,0.00,0.00
1,3,2025-11-17,7,Efectivo,330500.00,0.00,0.00
7,2,2025-08-11,5,Efectivo,184000.00,15.00,27600.00
4,2,2025-11-04,1,Efectivo,18000.00,10.00,1800.00
8,3,2025-08-26,6,Tarjeta,294500.00,0.00,0.00
1,3,2025-04-01,1,Tarjeta,120000.00,10.00,12000.00
7,2,2025-02-02,3,Transferencia,195000.00,0.00,0.00
2,3,2025-05-01,8,Transferencia,370000.00,0.00,0.00
6,3,2025-06-10,5,Transferencia,389500.00,0.00,0.00
10,1,2025-05-11,9,Tarjeta,757000.00,0.00,0.00
5,1,2025-07-08,12,Transferencia,876500.00,0.00,0.00
2,3,2025-07-05,6,Efectivo,361000.00,5.00,18050.00
6,3,2025-08-13,1,Tarjeta,42000.00,0.00,0.00
8,3,2025-09-09,6,Tarjeta,635000.00,0.00,0.00
7,3,2025-06-30,12,Transferencia,1073000.00,0.00,0.00
1,2,2025-03-11,3,Efectivo,260000.00,0.00,0.00
3,3,2025-11-29,9,Transferencia,491500.00,0.00,0.00
4,1,2025-05-25,5,Tarjeta,194000.00,0.00,0.00
10,3,2025-10-13,1,Efectivo,110000.00,5.00,5500.00
7,3,2025-01-26,11,Tarjeta,503500.00,0.00,0.00
8,1,2025-08-21,4,Efectivo,280000.00,0.00,0.00
3,2,2025-07-15,7,Efectivo,451500.00,0.00,0.00
10,2,2025-05-01,5,Efectivo,470000.00,0.00,0.00
4,3,2025-07-23,5,Tarjeta,402000.00,0.00,0.00
10,3,2025-07-01,2,Transferencia,240000.00,0.00,0.00
5,2,2025-07-15,6,Transferencia,336000.00,10.00,33600.00
8,1,2025-06-23,4,Efectivo,100000.00,0.00,0.00
5,3,2025-09-13,8,Tarjeta,447000.00,10.00,44700.00
9,3,2025-03-19,5,Transferencia,413500.00,15.00,62025.00
7,1,2025-08-28,2,Tarjeta,220000.00,0.00,0.00
8,2,2025-10-15,1,Tarjeta,18000.00,5.00,900.00
3,1,2025-05-26,11,Transferencia,733500.00,0.00,0.00
4,2,2025-02-09,1,Transferencia,98000.00,15.00,14700.00
7,2,2025-03-04,1,Transferencia,98000.00,10.00,9800.00
8,2,2025-12-29,8,Transferencia,634000.00,15.00,95100.00
3,1,2025-10-19,7,Efectivo,719000.00,0.00,0.00
2,2,2025-07-15,3,Tarjeta,215000.00,5.00,10750.00
7,2,2025-03-25,4,Tarjeta,53000.00,0.00,0.00
10,1,2025-06-08,3,Tarjeta,294000.00,10.00,29400.00
8,2,2025-07-18,9,Transferencia,666500.00,0.00,0.00
4,3,2025-08-26,6,Transferencia,456000.00,0.00,0.00
8,2,2025-05-29,8,Efectivo,233500.00,0.00,0.00
2,1,2025-10-10,2,Transferencia,130000.00,15.00,19500.00
5,2,2025-10-19,10,Tarjeta,522500.00,0.00,0.00
2,2,2025-01-24,7,Transferencia,542000.00,0.00,0.00
6,1,2025-05-16,5,Efectivo,221500.00,0.00,0.00
7,3,2025-02-24,1,Efectivo,65000.00,15.00,9750.00
8,3,2025-09-02,14,Tarjeta,934000.00,0.00,0.00
3,1,2025-02-14,4,Efectivo,203500.00,0.00,0.00
4,2,2025-01-14,6,Transferencia,555000.00,10.00,55500.00
3,2,2025-08-26,1,Tarjeta,8500.00,0.00,0.00
8,2,2025-12-26,3,Tarjeta,330000.00,10.00,33000.00
7,1,2025-10-19,3,Tarjeta,25500.00,0.00,0.00
7,2,2025-08-10,15,Transferencia,1335000.00,0.00,0.00
4,3,2025-09-07,10,Efectivo,695000.00,0.00,0.00
6,2,2025-11-27,7,Transferencia,358000.00,0.00,0.00
6,3,2025-10-28,11,Transferencia,885000.00,0.00,0.00
3,3,2025-08-30,3,Efectivo,181500.00,10.00,18150.00
7,2,2025-02-21,2,Tarjeta,117000.00,0.00,0.00
6,3,2025-05-14,3,Efectivo,250000.00,0.00,0.00
4,1,2025-11-13,4,Transferencia,256000.00,0.00,0.00
5,1,2025-10-13,9,Transferencia,733500.00,0.00,0.00
9,1,2025-01-22,2,Efectivo,150000.00,10.00,15000.00
8,3,2025-12-29,3,Tarjeta,54000.00,0.00,0.00
2,1,2025-03-12,7,Tarjeta,358500.00,15.00,53775.00
6,3,2025-08-01,5,Transferencia,184000.00,0.00,0.00
7,2,2025-03-12,8,Tarjeta,691500.00,10.00,69150.00
3,2,2025-07-25,10,Efectivo,678500.00,0.00,0.00
5,2,2025-09-24,10,Tarjeta,597000.00,0.00,0.00
4,3,2025-08-17,9,Transferencia,578000.00,0.00,0.00
9,3,2025-03-06,5,Tarjeta,109500.00,0.00,0.00
3,1,2025-11-22,11,Efectivo,680500.00,0.00,0.00
1,3,2025-03-05,8,Efectivo,762000.00,0.00,0.00
9,3,2025-10-17,9,Efectivo,474000.00,10.00,47400.00
4,1,2025-09-24,9,Tarjeta,646000.00,10.00,64600.00
8,1,2025-03-08,3,Tarjeta,294000.00,0.00,0.00
9,3,2025-10-29,7,Tarjeta,664000.00,0.00,0.00
3,1,2025-08-02,3,Transferencia,318000.00,0.00,0.00
9,1,2025-09-20,4,Transferencia,335000.00,15.00,50250.00
2,3,2025-07-09,2,Tarjeta,17000.00,0.00,0.00
9,1,2025-01-21,5,Efectivo,185000.00,0.00,0.00
10,2,2025-03-14,6,Efectivo,208000.00,10.00,20800.00
1,2,2025-02-04,10,Tarjeta,755000.00,0.00,0.00
8,3,2025-08-24,6,Tarjeta,654000.00,0.00,0.00
4,2,2025-07-18,11,Tarjeta,873000.00,0.00,0.00
5,3,2025-12-29,1,Transferencia,8500.00,0.00,0.00
10,1,2025-10-05,9,Transferencia,762000.00,5.00,38100.00
10,2,2025-05-06,8,Efectivo,582000.00,15.00,87300.00
7,2,2025-06-12,3,Efectivo,25500.00,5.00,1275.00
5,1,2025-04-04,6,Efectivo,376000.00,15.00,56400.00
5,2,2025-01-30,5,Efectivo,296000.00,5.00,14800.00
10,1,2025-11-02,10,Tarjeta,832000.00,15.00,124800.00
1,2,2025-04-30,11,Transferencia,448500.00,0.00,0.00
6,3,2025-03-14,3,Efectivo,172000.00,10.00,17200.00
5,3,2025-11-14,2,Efectivo,240000.00,10.00,24000.00
7,2,2025-12-15,4,Transferencia,402000.00,0.00,0.00
5,1,2025-02-05,3,Tarjeta,54000.00,0.00,0.00
7,1,2025-05-24,10,Transferencia,640000.00,15.00,96000.00
1,3,2025-06-18,1,Efectivo,110000.00,0.00,0.00
3,2,2025-12-11,9,Transferencia,793000.00,0.00,0.00
7,3,2025-06-30,6,Tarjeta,464000.00,0.00,0.00
1,2,2025-04-24,8,Transferencia,591000.00,10.00,59100.00
1,2,2025-07-05,11,Tarjeta,820500.00,0.00,0.00
10,3,2025-12-04,10,Transferencia,587500.00,0.00,0.00
4,3,2025-05-21,12,Efectivo,1053000.00,0.00,0.00
7,2,2025-06-15,2,Tarjeta,220000.00,0.00,0.00
4,1,2025-01-23,7,Tarjeta,491000.00,0.00,0.00
7,1,2025-04-26,3,Efectivo,146000.00,0.00,0.00
1,2,2025-02-19,2,Tarjeta,196000.00,10.00,19600.00
6,1,2025-05-03,10,Tarjeta,923000.00,5.00,46150.00
7,2,2025-01-18,1,Transferencia,18000.00,0.00,0.00
1,2,2025-08-15,8,Transferencia,471500.00,0.00,0.00
7,1,2025-11-13,12,Transferencia,972000.00,0.00,0.00
8,3,2025-01-14,11,Tarjeta,764000.00,0.00,0.00
7,2,2025-07-01,9,Transferencia,782500.00,0.00,0.00
6,2,2025-11-30,11,Transferencia,584000.00,0.00,0.00
1,1,2025-03-16,8,Transferencia,512000.00,0.00,0.00
8,3,2025-12-22,5,Transferencia,298000.00,5.00,14900.00
4,1,2025-09-11,4,Transferencia,335000.00,15.00,50250.00
7,1,2025-06-19,2,Tarjeta,138000.00,0.00,0.00
2,1,2025-10-12,4,Tarjeta,233000.00,5.00,11650.00
3,2,2025-05-15,2,Transferencia,26500.00,0.00,0.00
1,3,2025-02-21,7,Efectivo,385000.00,0.00,0.00
10,2,2025-09-27,1,Transferencia,8500.00,0.00,0.00
4,1,2025-03-08,8,Transferencia,579000.00,0.00,0.00
5,1,2025-10-02,3,Tarjeta,338000.00,0.00,0.00
8,1,2025-10-27,3,Transferencia,330000.00,0.00,0.00
9,2,2025-03-27,13,Transferencia,725500.00,0.00,0.00
8,2,2025-09-11,6,Transferencia,476500.00,10.00,47650.00
3,2,2025-10-20,10,Tarjeta,494500.00,0.00,0.00
6,2,2025-11-15,7,Tarjeta,426000.00,5.00,21300.00
2,2,2025-05-16,3,Efectivo,91500.00,5.00,4575.00
4,2,2025-10-07,6,Efectivo,260000.00,0.00,0.00
9,2,2025-03-12,7,Efectivo,268000.00,0.00,0.00
8,3,2025-01-07,4,Transferencia,90500.00,0.00,0.00
4,3,2025-08-31,10,Transferencia,762000.00,10.00,76200.00
1,2,2025-10-13,10,Efectivo,740000.00,0.00,0.00
9,2,2025-07-26,14,Tarjeta,916500.00,0.00,0.00
7,1,2025-07-20,1,Tarjeta,65000.00,0.00,0.00
10,2,2025-06-18,7,Transferencia,475500.00,15.00,71325.00
8,1,2025-11-05,3,Efectivo,92000.00,15.00,13800.00
2,2,2025-09-26,5,Efectivo,275000.00,0.00,0.00
9,2,2025-03-08,1,Tarjeta,65000.00,5.00,3250.00
7,3,2025-06-08,10,Transferencia,621000.00,0.00,0.00
4,1,2025-05-22,9,Efectivo,479500.00,0.00,0.00
8,3,2025-08-24,3,Efectivo,126000.00,0.00,0.00
6,3,2025-08-22,4,Transferencia,180500.00,0.00,0.00
8,2,2025-08-10,4,Transferencia,100500.00,5.00,5025.00
9,2,2025-05-21,2,Transferencia,150000.00,0.00,0.00
2,2,2025-10-11,2,Efectivo,196000.00,0.00,0.00
4,3,2025-05-10,9,Efectivo,904000.00,0.00,0.00
1,1,2025-07-23,2,Tarjeta,36000.00,0.00,0.00
8,2,2025-08-26,3,Efectivo,225000.00,0.00,0.00
8,2,2025-03-13,2,Efectivo,162000.00,15.00,24300.00
3,1,2025-07-20,1,Transferencia,42000.00,0.00,0.00
4,3,2025-04-02,10,Efectivo,958000.00,0.00,0.00
7,1,2025-01-25,4,Efectivo,212000.00,0.00,0.00
4,3,2025-06-22,1,Transferencia,75000.00,0.00,0.00
3,3,2025-12-07,3,Efectivo,195000.00,10.00,19500.00
9,3,2025-06-15,7,Efectivo,663000.00,10.00,66300.00
6,1,2025-12-01,4,Tarjeta,135500.00,0.00,0.00
10,2,2025-11-29,2,Efectivo,150000.00,15.00,22500.00
2,3,2025-09-13,14,Transferencia,945000.00,5.00,47250.00
6,3,2025-11-22,1,Tarjeta,98000.00,0.00,0.00
8,2,2025-10-27,4,Transferencia,145500.00,0.00,0.00
5,1,2025-03-05,7,Transferencia,595000.00,10.00,59500.00
1,1,2025-04-15,11,Transferencia,687500.00,0.00,0.00
1,1,2025-05-28,7,Transferencia,497500.00,0.00,0.00
4,3,2025-12-18,8,Tarjeta,525500.00,0.00,0.00
3,1,2025-04-15,11,Efectivo,776000.00,10.00,77600.00
10,1,2025-04-01,5,Tarjeta,424500.00,0.00,0.00
7,2,2025-07-04,8,Efectivo,718000.00,10.00,71800.00
2,2,2025-08-07,10,Transferencia,553000.00,0.00,0.00
8,1,2025-11-07,2,Tarjeta,118500.00,15.00,17775.00
8,2,2025-07-11,9,Tarjeta,620000.00,0.00,0.00
7,3,2025-03-05,5,Efectivo,231000.00,0.00,0.00
6,3,2025-09-08,8,Efectivo,575000.00,0.00,0.00
3,2,2025-01-15,8,Transferencia,434500.00,5.00,21725.00
7,2,2025-11-26,12,Transferencia,875000.00,0.00,0.00
7,3,2025-12-04,8,Tarjeta,459000.00,15.00,68850.00
5,1,2025-07-23,10,Efectivo,925000.00,0.00,0.00
3,2,2025-03-29,4,Efectivo,405000.00,0.00,0.00
10,1,2025-08-19,2,Efectivo,218000.00,10.00,21800.00
10,1,2025-08-14,3,Transferencia,44500.00,5.00,2225.00
1,3,2025-06-25,7,Efectivo,621000.00,0.00,0.00
2,1,2025-01-22,3,Transferencia,195000.00,0.00,0.00
8,2,2025-05-17,10,Tarjeta,711000.00,0.00,0.00
6,1,2025-07-02,9,Efectivo,558500.00,0.00,0.00
6,2,2025-05-08,9,Transferencia,759500.00,0.00,0.00
6,3,2025-01-24,6,Tarjeta,555000.00,0.00,0.00
7,2,2025-06-28,2,Transferencia,130000.00,0.00,0.00
3,3,2025-12-31,11,Transferencia,681500.00,0.00,0.00
9,1,2025-09-04,6,Efectivo,249000.00,10.00,24900.00
3,2,2025-01-15,8,Tarjeta,475000.00,5.00,23750.00
8,1,2025-10-01,6,Transferencia,331000.00,0.00,0.00
9,2,2025-07-15,3,Efectivo,204000.00,10.00,20400.00
4,3,2025-10-31,10,Efectivo,603500.00,0.00,0.00
6,2,2025-08-05,3,Transferencia,270000.00,0.00,0.00
6,1,2025-08-24,3,Tarjeta,318000.00,0.00,0.00
1,3,2025-03-16,8,Tarjeta,355500.00,0.00,0.00
5,3,2025-09-11,1,Tarjeta,98000.00,0.00,0.00
4,3,2025-04-18,2,Transferencia,36000.00,0.00,0.00
3,1,2025-06-03,7,Transferencia,631000.00,0.00,0.00
5,3,2025-05-25,11,Efectivo,616000.00,0.00,0.00
8,2,2025-08-15,4,Efectivo,290000.00,0.00,0.00
6,3,2025-01-05,2,Transferencia,36000.00,0.00,0.00
3,1,2025-08-07,7,Efectivo,495500.00,10.00,49550.00
7,1,2025-03-18,2,Efectivo,150000.00,0.00,0.00
10,1,2025-12-19,10,Transferencia,633000.00,0.00,0.00
2,1,2025-03-03,10,Efectivo,843000.00,0.00,0.00
3,2,2025-10-31,9,Tarjeta,579500.00,15.00,86925.00
7,3,2025-01-11,9,Transferencia,805000.00,0.00,0.00
9,2,2025-01-03,1,Tarjeta,120000.00,0.00,0.00
3,1,2025-12-01,7,Transferencia,710000.00,0.00,0.00
7,3,2025-03-29,5,Efectivo,366000.00,0.00,0.00
3,3,2025-08-16,7,Tarjeta,531000.00,5.00,26550.00
1,1,2025-05-02,7,Efectivo,359500.00,0.00,0.00
10,2,2025-03-07,10,Efectivo,473500.00,0.00,0.00
9,1,2025-03-15,9,Efectivo,573000.00,0.00,0.00
3,2,2025-11-06,5,Efectivo,390000.00,15.00,58500.00
9,2,2025-02-26,4,Efectivo,100000.00,5.00,5000.00
4,2,2025-07-13,3,Efectivo,54000.00,0.00,0.00
10,2,2025-06-06,8,Efectivo,594000.00,0.00,0.00
3,2,2025-07-19,11,Transferencia,459500.00,0.00,0.00
7,3,2025-03-15,6,Transferencia,599000.00,0.00,0.00
8,1,2025-08-03,7,Tarjeta,358000.00,0.00,0.00
5,3,2025-04-28,5,Efectivo,413000.00,5.00,20650.00
3,3,2025-02-17,3,Efectivo,126000.00,0.00,0.00
7,3,2025-01-06,6,Transferencia,555000.00,0.00,0.00
2,2,2025-09-30,12,Efectivo,1064000.00,0.00,0.00
9,3,2025-12-05,1,Transferencia,110000.00,0.00,0.00
4,1,2025-09-26,5,Efectivo,322000.00,0.00,0.00
2,2,2025-07-11,4,Transferencia,53000.00,5.00,2650.00
10,2,2025-01-02,5,Efectivo,399000.00,10.00,39900.00
5,2,2025-06-18,3,Efectivo,294000.00,10.00,29400.00
2,2,2025-01-05,4,Tarjeta,67500.00,0.00,0.00
1,1,2025-09-07,6,Transferencia,500000.00,0.00,0.00
9,2,2025-04-04,8,Efectivo,448000.00,0.00,0.00
4,1,2025-12-30,7,Efectivo,415500.00,0.00,0.00
4,2,2025-03-24,8,Transferencia,370500.00,0.00,0.00
7,3,2025-06-16,7,Transferencia,562000.00,15.00,84300.00
1,3,2025-05-02,7,Tarjeta,491000.00,5.00,24550.00
3,1,2025-09-19,3,Tarjeta,126000.00,10.00,12600.00
8,3,2025-04-12,7,Efectivo,371500.00,0.00,0.00
7,1,2025-03-16,3,Transferencia,138500.00,0.00,0.00
4,1,2025-06-06,7,Tarjeta,609000.00,10.00,60900.00
7,1,2025-06-29,1,Tarjeta,18000.00,15.00,2700.00
4,2,2025-06-14,6,Tarjeta,387000.00,5.00,19350.00
1,3,2025-02-19,5,Transferencia,330000.00,0.00,0.00
9,3,2025-10-29,5,Tarjeta,143000.00,5.00,7150.00
10,1,2025-03-08,11,Efectivo,854500.00,0.00,0.00
9,3,2025-04-14,1,Efectivo,18000.00,0.00,0.00
5,3,2025-12-31,4,Tarjeta,371000.00,0.00,0.00
9,1,2025-09-26,11,Efectivo,627500.00,0.00,0.00
9,3,2025-09-11,5,Efectivo,460000.00,0.00,0.00
7,3,2025-07-19,4,Tarjeta,378000.00,15.00,56700.00
9,2,2025-01-05,7,Transferencia,327500.00,0.00,0.00
1,3,2025-05-30,5,Efectivo,284000.00,0.00,0.00
6,3,2025-01-01,8,Transferencia,864000.00,15.00,129600.00
6,1,2025-05-31,1,Transferencia,98000.00,0.00,0.00
3,2,2025-05-24,13,Efectivo,757500.00,0.00,0.00
6,2,2025-04-23,8,Efectivo,594500.00,5.00,29725.00
4,3,2025-04-01,3,Tarjeta,204000.00,0.00,0.00
10,1,2025-07-21,3,Efectivo,158500.00,0.00,0.00
2,3,2025-07-26,3,Transferencia,204000.00,0.00,0.00
1,3,2025-02-26,3,Efectivo,205000.00,15.00,30750.00
1,1,2025-11-04,9,Efectivo,806500.00,10.00,80650.00
4,1,2025-03-21,6,Transferencia,498500.00,10.00,49850.00
1,1,2024-10-19,3,Efectivo,215000.00,0.00,0.00
7,3,2024-10-29,1,Transferencia,110000.00,0.00,0.00
2,2,2024-10-29,1,Tarjeta,98000.00,0.00,0.00
1,3,2024-10-11,5,Efectivo,256000.00,10.00,25600.00
5,3,2024-10-20,7,Tarjeta,211500.00,0.00,0.00
2,1,2024-12-31,4,Efectivo,213000.00,0.00,0.00
2,1,2024-12-01,6,Transferencia,326500.00,10.00,32650.00
7,3,2024-12-01,5,Transferencia,344000.00,0.00,0.00
9,2,2024-12-08,13,Transferencia,1106000.00,0.00,0.00
6,1,2024-10-31,3,Efectivo,294000.00,0.00,0.00
2,1,2024-10-18,6,Tarjeta,498000.00,5.00,24900.00
3,1,2024-10-08,4,Transferencia,359000.00,0.00,0.00
1,3,2024-11-17,6,Efectivo,430500.00,15.00,64575.00
3,1,2024-11-23,5,Tarjeta,309000.00,15.00,46350.00
1,2,2024-12-28,4,Efectivo,414000.00,0.00,0.00
3,1,2024-12-04,11,Tarjeta,706000.00,5.00,35300.00
2,3,2024-11-04,4,Tarjeta,335000.00,5.00,16750.00
10,1,2024-12-11,6,Transferencia,486000.00,0.00,0.00
5,1,2024-10-25,3,Efectivo,294000.00,0.00,0.00
1,1,2024-11-12,4,Tarjeta,368500.00,10.00,36850.00
9,1,2024-10-25,2,Transferencia,150000.00,15.00,22500.00
1,3,2024-12-12,2,Tarjeta,240000.00,10.00,24000.00
6,2,2024-10-02,11,Tarjeta,536000.00,0.00,0.00
2,3,2024-12-04,2,Efectivo,130000.00,0.00,0.00
5,1,2024-10-05,8,Efectivo,772500.00,0.00,0.00
9,3,2024-10-21,11,Transferencia,582000.00,0.00,0.00
4,1,2024-11-19,8,Transferencia,547500.00,0.00,0.00
6,1,2024-11-28,5,Tarjeta,61500.00,0.00,0.00
3,3,2024-10-10,5,Tarjeta,423000.00,0.00,0.00
1,2,2024-12-02,10,Tarjeta,501500.00,0.00,0.00
2,3,2024-11-17,11,Tarjeta,1044000.00,5.00,52200.00
7,1,2024-11-07,8,Transferencia,481500.00,0.00,0.00
8,1,2024-12-08,3,Efectivo,92000.00,0.00,0.00
6,2,2024-10-09,6,Transferencia,511000.00,0.00,0.00
3,3,2024-11-30,5,Efectivo,354000.00,0.00,0.00
1,1,2024-10-28,5,Efectivo,175000.00,0.00,0.00
8,2,2024-11-08,2,Transferencia,50500.00,0.00,0.00
6,2,2024-11-24,4,Efectivo,346000.00,0.00,0.00
7,2,2024-10-21,13,Transferencia,906500.00,15.00,135975.00
1,1,2024-11-10,3,Tarjeta,285000.00,0.00,0.00
7,2,2024-12-26,1,Transferencia,110000.00,0.00,0.00
10,1,2024-12-21,6,Efectivo,555000.00,0.00,0.00
7,1,2024-12-16,4,Tarjeta,323000.00,0.00,0.00
1,2,2024-11-16,11,Tarjeta,642000.00,0.00,0.00
2,1,2024-11-12,8,Tarjeta,427500.00,15.00,64125.00
7,3,2024-12-28,11,Tarjeta,652500.00,0.00,0.00
2,3,2024-12-09,9,Tarjeta,528500.00,10.00,52850.00
6,2,2024-10-16,9,Tarjeta,385500.00,10.00,38550.00
4,1,2024-12-26,1,Tarjeta,120000.00,10.00,12000.00
10,2,2024-12-06,5,Tarjeta,212000.00,15.00,31800.00
